category,player,v1,v2,v3
pass,Matthew Stafford,4707,46,
pass,Jared Goff,4564,34,
pass,Dak Prescott,4552,30,
pass,Drake Maye,4394,31,
pass,Sam Darnold,4048,25,
pass,Trevor Lawrence,4007,29,
pass,Caleb Williams,3942,27,
pass,Bo Nix,3931,25,
pass,Justin Herbert,3727,26,
pass,Baker Mayfield,3693,26,
pass,Josh Allen,3668,25,
pass,Patrick Mahomes,3587,22,
pass,Jordan Love,3381,23,
pass,Jacoby Brissett,3366,23,
pass,Jalen Hurts,3224,25,
pass,Cam Ward,3169,15,
pass,Daniel Jones,3101,19,
pass,C.J. Stroud,3041,19,
pass,Bryce Young,3011,23,
pass,Lamar Jackson,2549,21,
pass,Tyler Shough,2384,10,
pass,Jaxson Dart,2272,15,
pass,Brock Purdy,2167,20,
pass,Joe Burrow,1809,17,
pass,Jayden Daniels,1262,8,
pass,Kyler Murray,962,6,
pass,Malik Willis,714,5,
rush,Jonathan Taylor,1585,18,
rush,James Cook,1621,12,
rush,Christian McCaffrey,1202,10,
rush,Derrick Henry,1595,16,
rush,Bijan Robinson,1478,7,
rush,Saquon Barkley,1140,7,
rush,Ashton Jeanty,975,5,
rush,Travis Etienne,1107,7,
rush,Kyren Williams,1252,10,
rush,Javonte Williams,1201,11,
rush,Jahmyr Gibbs,1223,13,
rush,Breece Hall,1065,4,
rush,Tony Pollard,1082,5,
rush,De'Von Achane,1350,8,
rush,Rico Dowdle,1076,6,
rush,Josh Jacobs,929,13,
rush,Chase Brown,1019,6,
rush,Quinshon Judkins,827,7,
rush,D'Andre Swift,1087,9,
rush,Kenneth Walker III,1027,5,
rush,Jaylen Warren,958,6,
rush,Woody Marks,703,2,
rush,Zach Charbonnet,730,12,
rush,TreVeyon Henderson,911,9,
rush,Tyrone Tracy Jr.,740,2,
rush,Jacory Croskey-Merritt,805,8,
rush,Bucky Irving,588,1,
rush,Kyle Monangai,783,5,
rush,Jordan Mason,758,6,
rush,David Montgomery,716,8,
rush,Kimani Vidal,643,3,
rush,J.K. Dobbins,772,4,
rush,RJ Harvey,540,7,
rush,Blake Corum,746,6,
rush,Tyler Allgeier,514,8,
rush,Chuba Hubbard,511,1,
rush,Aaron Jones,548,2,
rush,Rachaad White,572,4,
rush,Alvin Kamara,471,1,
rush,Rhamondre Stevenson,603,7,
rush,Omarion Hampton,545,4,
rush,Isiah Pacheco,462,1,
rush,Kenneth Gainwell,537,5,
rush,Josh Allen,579,14,
rush,Chris Rodriguez,500,6,
rush,Jalen Hurts,421,8,
rush,Drake Maye,450,4,
rush,Cam Skattebo,410,5,
rush,Brian Robinson Jr.,400,2,
rush,Jaxson Dart,487,9,
rush,Sean Tucker,320,7,
rush,Justin Herbert,498,2,
rush,Bo Nix,356,5,
rush,Bhayshul Tuten,307,5,
rush,Trevor Lawrence,359,9,
rush,Caleb Williams,388,3,
rush,Tyjae Spears,283,2,
rush,Jaylen Wright,288,2,
rush,Lamar Jackson,349,2,
rush,Dylan Sampson,175,0,
rush,Patrick Mahomes,422,5,
rush,Tank Bigsby,356,2,
rush,Keaton Mitchell,341,1,
rush,Jayden Daniels,278,2,
rush,Ray Davis,275,0,
rush,Baker Mayfield,382,1,
rush,Bryce Young,216,2,
rush,Dak Prescott,177,2,
rush,C.J. Stroud,209,1,
rush,Jordan Love,199,0,
rush,Daniel Jones,164,5,
rush,Tyler Shough,186,3,
rush,Cam Ward,159,2,
rush,Jaydon Blue,129,1,
rush,Jacoby Brissett,168,1,
rush,Sam Darnold,95,0,
rush,Brock Purdy,147,3,
rush,James Conner,95,1,
rush,George Holani,73,1,
rush,Malik Willis,123,2,
rush,Braelon Allen,76,1,
rush,Justice Hill,93,2,
rush,Deebo Samuel,75,1,
rush,Malik Washington,110,1,
rush,Jared Goff,45,0,
recv,Puka Nacua,129,1715,10
recv,Trey McBride,126,1239,11
recv,Ja'Marr Chase,125,1412,8
recv,Jaxon Smith-Njigba,119,1793,10
recv,Amon-Ra St. Brown,117,1401,11
recv,Christian McCaffrey,102,924,7
recv,Chris Olave,100,1163,9
recv,George Pickens,93,1429,9
recv,Wan'Dale Robinson,92,1014,4
recv,Kyle Pitts,88,928,5
recv,Zay Flowers,86,1211,5
recv,Stefon Diggs,85,1013,4
recv,Justin Jefferson,84,1048,2
recv,Jake Ferguson,82,600,8
recv,Dalton Schultz,82,777,3
recv,Michael Pittman Jr.,80,784,7
recv,Bijan Robinson,79,820,4
recv,A.J. Brown,78,1003,7
recv,Michael Wilson,78,1006,7
recv,Jahmyr Gibbs,77,616,5
recv,Juwan Johnson,77,889,3
recv,DeVonta Smith,77,1008,4
recv,Travis Kelce,76,851,5
recv,Tyler Warren,76,817,4
recv,CeeDee Lamb,75,1077,3
recv,Jakobi Meyers,75,835,3
recv,Courtland Sutton,74,1017,7
recv,Kenneth Gainwell,73,486,3
recv,Harold Fannin,72,731,6
recv,Deebo Samuel,72,727,5
recv,Khalil Shakir,72,719,4
recv,Nico Collins,71,1117,6
recv,Tetairoa McMillan,70,1014,7
recv,Chase Brown,69,437,5
recv,Drake London,68,919,7
recv,De'Von Achane,67,488,4
recv,Ladd McConkey,66,789,6
recv,Jameson Williams,65,1117,7
recv,Brock Bowers,64,680,7
recv,Jaylen Waddle,64,910,6
recv,Emeka Egbuka,63,938,6
recv,Davante Adams,60,789,14
recv,Dallas Goedert,60,591,11
recv,Hunter Henry,60,768,7
recv,Tee Higgins,59,846,11
recv,D.K. Metcalf,59,850,6
recv,Rashid Shaheed,59,687,2
recv,Josh Downs,58,566,4
recv,Colston Loveland,58,713,6
recv,Parker Washington,58,847,5
recv,George Kittle,57,628,7
recv,Tre Tucker,57,696,5
recv,Chig Okonkwo,56,560,2
recv,Romeo Doubs,55,724,6
recv,Ashton Jeanty,55,346,5
recv,Jauan Jennings,55,643,9
recv,Rashee Rice,53,571,5
recv,AJ Barner,52,519,6
recv,T.J. Hockenson,51,438,3
recv,Quentin Johnston,51,735,8
recv,Jerry Jeudy,50,602,2
recv,D.J. Moore,50,682,6
recv,Oronde Gadsden II,49,664,3
recv,Mark Andrews,48,422,5
recv,Brian Thomas,48,707,2
recv,Luther Burden,47,652,2
recv,RJ Harvey,47,356,5
recv,Alec Pierce,47,1003,6
recv,Mack Hollins,46,550,2
recv,Brenton Strange,46,540,3
recv,Jonathan Taylor,46,378,2
recv,Malik Washington,46,317,3
recv,Tyjae Spears,45,264,0
recv,Rome Odunze,44,661,6
recv,Jordan Addison,42,610,3
recv,Xavier Worthy,42,532,1
recv,Marvin Harrison Jr.,41,608,4
recv,Jayden Higgins,41,525,6
recv,Ryan Flournoy,40,475,4
recv,Sam LaPorta,40,489,3
recv,Jaylen Warren,40,333,2
recv,Rachaad White,40,218,0
recv,Rico Dowdle,39,297,1
recv,Dalton Kincaid,39,571,5
recv,Keon Coleman,38,404,4
recv,Terry McLaurin,38,582,3
recv,Saquon Barkley,37,273,2
recv,Marvin Mims,37,322,1
recv,Travis Etienne,36,292,6
recv,Breece Hall,36,350,1
recv,Josh Jacobs,36,282,1
recv,Ricky Pearsall,36,528,0
recv,Tyrone Tracy Jr.,36,288,2
recv,Kyren Williams,36,281,3
recv,Garrett Wilson,36,395,4
recv,TreVeyon Henderson,35,221,1
recv,Xavier Legette,35,363,3
recv,Christian Watson,35,611,6
recv,Javonte Williams,35,137,2
recv,D'Andre Swift,34,299,1
recv,Kayshon Boutte,33,551,6
recv,Jalen Coker,33,394,3
recv,James Cook,33,291,2
recv,Chris Godwin,33,360,2
recv,Alvin Kamara,33,186,0
recv,Tony Pollard,33,206,0
recv,Dylan Sampson,33,271,2
pass,Tua Tagovailoa,2660,20
pass,Geno Smith,3025,19
pass,Justin Fields,1259,7
pass,Joe Flacco,2479,15
pass,Michael Penix,1982,9
rush,Tua Tagovailoa,43,0
rush,Geno Smith,109,0
rush,Justin Fields,383,4
rush,Joe Flacco,35,1
rush,Michael Penix,70,1
rush,Kareem Hunt,611,8
rush,Nick Chubb,506,3
rush,Devin Singletary,437,5
rush,Emanuel Wilson,496,3
rush,Ollie Gordon,199,3
rush,Devin Neal,206,2
rush,Kendre Miller,193,1
rush,Audric Estime,198,1
rush,Brashard Smith,151,0
rush,Isaiah Davis,236,1
rush,Jeremy McNichols,221,1
rush,Emari Demercado,312,0
rush,Jaleel McLaughlin,187,1
rush,Antonio Gibson,106,1
rush,Jerome Ford,73,0
rush,LeQuint Allen,94,0
rush,Samaje Perine,382,3
recv,Keenan Allen,81,777,4
recv,Troy Franklin,65,709,6
recv,Elic Ayomanor,41,515,4
recv,Sterling Shepard,39,371,1
recv,Olamide Zaccheaus,39,313,2
recv,Kendrick Bourne,37,551,0
recv,Darius Slayton,37,538,1
recv,Xavier Hutchinson,35,428,3
recv,Andrei Iosivas,33,435,2
recv,Marquise Brown,49,587,5
recv,Cooper Kupp,47,593,2
recv,Chimere Dike,48,423,4
recv,David Njoku,33,293,4
recv,Evan Engram,50,461,1
recv,Cade Otton,59,572,1
recv,Pat Freiermuth,41,486,4
recv,Theo Johnson,45,528,5
recv,Mason Taylor,44,369,1
recv,Gunnar Helm,44,357,2
recv,Colby Parkinson,43,408,8
recv,Michael Mayer,35,328,1
recv,Jonnu Smith,38,222,2
recv,Noah Fant,34,288,3
recv,Jake Tonges,34,293,5
recv,Dawson Knox,36,417,4
recv,Zach Ertz,50,504,4
